{"cameraMode":{"drawMode":0,"name":"Shaded","section":"Shading Mode"},"sceneLighting":true,"audioPlay":false,"sceneViewState":{"m_AlwaysRefresh":false,"showFog":true,"showSkybox":true,"showFlares":true,"showImageEffects":true,"showParticleSystems":true,"showVisualEffectGraphs":true,"m_FxEnabled":true},"in2DMode":false,"pivot":{"x":-0.5673120021820068,"y":5.964554309844971,"z":0.6218781471252441},"rotation":{"x":-0.019083932042121888,"y":0.736085057258606,"z":-0.020769625902175905,"w":-0.6763066053390503},"size":2.0096089839935304,"orthographic":false}